sku,supplier
EQYBS03744-kvj6-28,quiksilver
EQYBS03744-kvj6-29,quiksilver
EQYBS03744-kvj6-30,quiksilver
EQYBS03744-kvj6-31,quiksilver
EQYBS03744-kvj6-32,quiksilver
EQYBS03744-kvj6-33,quiksilver
EQYBS03744-kvj6-34,quiksilver
EQYBS03744-kvj6-36,quiksilver
EQYBS03744-kvj6-38,quiksilver
EQYBS03744-kvj6-40,quiksilver
EQYBS03744-bsg6-28,quiksilver
EQYBS03744-bsg6-29,quiksilver
EQYBS03744-bsg6-30,quiksilver
EQYBS03744-bsg6-31,quiksilver
EQYBS03744-bsg6-32,quiksilver
EQYBS03744-bsg6-33,quiksilver
EQYBS03744-bsg6-34,quiksilver
EQYBS03744-bsg6-36,quiksilver
EQYBS03744-bsg6-38,quiksilver
EQYBS03744-bsg6-40,quiksilver
EQYBS03573-bpb6-28,quiksilver
EQYBS03573-bpb6-29,quiksilver
EQYBS03573-bpb6-30,quiksilver
EQYBS03573-bpb6-31,quiksilver
EQYBS03573-bpb6-32,quiksilver
EQYBS03573-bpb6-33,quiksilver
EQYBS03573-bpb6-34,quiksilver
EQYBS03573-bpb6-36,quiksilver
EQYBS03573-bpb6-38,quiksilver
EQYBS03573-bpb6-40,quiksilver
EQYBS03573-bmm6-28,quiksilver
EQYBS03573-bmm6-29,quiksilver
EQYBS03573-bmm6-30,quiksilver
EQYBS03573-bmm6-31,quiksilver
EQYBS03573-bmm6-32,quiksilver
EQYBS03573-bmm6-33,quiksilver
EQYBS03573-bmm6-34,quiksilver
EQYBS03573-bmm6-36,quiksilver
EQYBS03573-bmm6-38,quiksilver
EQYBS03573-bmm6-40,quiksilver
EQYBS03573-ggg6-28,quiksilver
EQYBS03573-ggg6-29,quiksilver
EQYBS03573-ggg6-30,quiksilver
EQYBS03573-ggg6-31,quiksilver
EQYBS03573-ggg6-32,quiksilver
EQYBS03573-ggg6-33,quiksilver
EQYBS03573-ggg6-34,quiksilver
EQYBS03573-ggg6-36,quiksilver
EQYBS03573-ggg6-38,quiksilver
EQYBS03573-ggg6-40,quiksilver
EQYBS03573-kvj6-28,quiksilver
EQYBS03573-kvj6-29,quiksilver
EQYBS03573-kvj6-30,quiksilver
EQYBS03573-kvj6-31,quiksilver
EQYBS03573-kvj6-32,quiksilver
EQYBS03573-kvj6-33,quiksilver
EQYBS03573-kvj6-34,quiksilver
EQYBS03573-kvj6-36,quiksilver
EQYBS03573-kvj6-38,quiksilver
EQYBS03573-kvj6-40,quiksilver
EQYBS03573-bsg7-28,quiksilver
EQYBS03573-bsg7-29,quiksilver
EQYBS03573-bsg7-30,quiksilver
EQYBS03573-bsg7-31,quiksilver
EQYBS03573-bsg7-32,quiksilver
EQYBS03573-bsg7-33,quiksilver
EQYBS03573-bsg7-34,quiksilver
EQYBS03573-bsg7-36,quiksilver
EQYBS03573-bsg7-38,quiksilver
EQYBS03573-bsg7-40,quiksilver
EQYBS03573-bsg6-28,quiksilver
EQYBS03573-bsg6-29,quiksilver
EQYBS03573-bsg6-30,quiksilver
EQYBS03573-bsg6-31,quiksilver
EQYBS03573-bsg6-32,quiksilver
EQYBS03573-bsg6-33,quiksilver
EQYBS03573-bsg6-34,quiksilver
EQYBS03573-bsg6-36,quiksilver
EQYBS03573-bsg6-38,quiksilver
EQYBS03573-bsg6-40,quiksilver
EQYBS03573-bqs6-28,quiksilver
EQYBS03573-bqs6-29,quiksilver
EQYBS03573-bqs6-30,quiksilver
EQYBS03573-bqs6-31,quiksilver
EQYBS03573-bqs6-32,quiksilver
EQYBS03573-bqs6-33,quiksilver
EQYBS03573-bqs6-34,quiksilver
EQYBS03573-bqs6-36,quiksilver
EQYBS03573-bqs6-38,quiksilver
EQYBS03573-bqs6-40,quiksilver
EQYBS03573-kta6-28,quiksilver
EQYBS03573-kta6-29,quiksilver
EQYBS03573-kta6-30,quiksilver
EQYBS03573-kta6-31,quiksilver
EQYBS03573-kta6-32,quiksilver
EQYBS03573-kta6-33,quiksilver
EQYBS03573-kta6-34,quiksilver
EQYBS03573-kta6-36,quiksilver
EQYBS03573-kta6-38,quiksilver
EQYBS03573-kta6-40,quiksilver
EQYBS03573-rqr6-28,quiksilver
EQYBS03573-rqr6-29,quiksilver
EQYBS03573-rqr6-30,quiksilver
EQYBS03573-rqr6-31,quiksilver
EQYBS03573-rqr6-32,quiksilver
EQYBS03573-rqr6-33,quiksilver
EQYBS03573-rqr6-34,quiksilver
EQYBS03573-rqr6-36,quiksilver
EQYBS03573-rqr6-38,quiksilver
EQYBS03573-rqr6-40,quiksilver
EQYBS03573-bqk6-28,quiksilver
EQYBS03573-bqk6-29,quiksilver
EQYBS03573-bqk6-30,quiksilver
EQYBS03573-bqk6-31,quiksilver
EQYBS03573-bqk6-32,quiksilver
EQYBS03573-bqk6-33,quiksilver
EQYBS03573-bqk6-34,quiksilver
EQYBS03573-bqk6-36,quiksilver
EQYBS03573-bqk6-38,quiksilver
EQYBS03573-bqk6-40,quiksilver
EQYBS03573-bsw6-28,quiksilver
EQYBS03573-bsw6-29,quiksilver
EQYBS03573-bsw6-30,quiksilver
EQYBS03573-bsw6-31,quiksilver
EQYBS03573-bsw6-32,quiksilver
EQYBS03573-bsw6-33,quiksilver
EQYBS03573-bsw6-34,quiksilver
EQYBS03573-bsw6-36,quiksilver
EQYBS03573-bsw6-38,quiksilver
EQYBS03573-bsw6-40,quiksilver
EQYBS03573-bnf6-28,quiksilver
EQYBS03573-bnf6-29,quiksilver
EQYBS03573-bnf6-30,quiksilver
EQYBS03573-bnf6-31,quiksilver
EQYBS03573-bnf6-32,quiksilver
EQYBS03573-bnf6-33,quiksilver
EQYBS03573-bnf6-34,quiksilver
EQYBS03573-bnf6-36,quiksilver
EQYBS03573-bnf6-38,quiksilver
EQYBS03573-bnf6-40,quiksilver
EQYBS03573-kze6-28,quiksilver
EQYBS03573-kze6-29,quiksilver
EQYBS03573-kze6-30,quiksilver
EQYBS03573-kze6-31,quiksilver
EQYBS03573-kze6-32,quiksilver
EQYBS03573-kze6-33,quiksilver
EQYBS03573-kze6-34,quiksilver
EQYBS03573-kze6-36,quiksilver
EQYBS03573-kze6-38,quiksilver
EQYBS03573-kze6-40,quiksilver
EQYBS03600-byj6-28,quiksilver
EQYBS03600-byj6-29,quiksilver
EQYBS03600-byj6-30,quiksilver
EQYBS03600-byj6-31,quiksilver
EQYBS03600-byj6-32,quiksilver
EQYBS03600-byj6-33,quiksilver
EQYBS03600-byj6-34,quiksilver
EQYBS03600-byj6-36,quiksilver
EQYBS03600-byj6-38,quiksilver
EQYBS03600-byj6-40,quiksilver
EQYBS03600-kvj6-28,quiksilver
EQYBS03600-kvj6-29,quiksilver
EQYBS03600-kvj6-30,quiksilver
EQYBS03600-kvj6-31,quiksilver
EQYBS03600-kvj6-32,quiksilver
EQYBS03600-kvj6-33,quiksilver
EQYBS03600-kvj6-34,quiksilver
EQYBS03600-kvj6-36,quiksilver
EQYBS03600-kvj6-38,quiksilver
EQYBS03600-kvj6-40,quiksilver
EQYBS03571-kvj0-28,quiksilver
EQYBS03571-kvj0-29,quiksilver
EQYBS03571-kvj0-30,quiksilver
EQYBS03571-kvj0-31,quiksilver
EQYBS03571-kvj0-32,quiksilver
EQYBS03571-kvj0-33,quiksilver
EQYBS03571-kvj0-34,quiksilver
EQYBS03571-kvj0-36,quiksilver
EQYBS03571-kvj0-38,quiksilver
EQYBS03571-kvj0-40,quiksilver
EQYBS03571-wbb0-28,quiksilver
EQYBS03571-wbb0-29,quiksilver
EQYBS03571-wbb0-30,quiksilver
EQYBS03571-wbb0-31,quiksilver
EQYBS03571-wbb0-32,quiksilver
EQYBS03571-wbb0-33,quiksilver
EQYBS03571-wbb0-34,quiksilver
EQYBS03571-wbb0-36,quiksilver
EQYBS03571-wbb0-38,quiksilver
EQYBS03571-wbb0-40,quiksilver
EQYBS03766-rsr0-28,quiksilver
EQYBS03766-rsr0-29,quiksilver
EQYBS03766-rsr0-30,quiksilver
EQYBS03766-rsr0-31,quiksilver
EQYBS03766-rsr0-32,quiksilver
EQYBS03766-rsr0-33,quiksilver
EQYBS03766-rsr0-34,quiksilver
EQYBS03766-rsr0-36,quiksilver
EQYBS03766-rsr0-38,quiksilver
EQYBS03766-rsr0-40,quiksilver
EQYBS03766-kvj0-28,quiksilver
EQYBS03766-kvj0-29,quiksilver
EQYBS03766-kvj0-30,quiksilver
EQYBS03766-kvj0-31,quiksilver
EQYBS03766-kvj0-32,quiksilver
EQYBS03766-kvj0-33,quiksilver
EQYBS03766-kvj0-34,quiksilver
EQYBS03766-kvj0-36,quiksilver
EQYBS03766-kvj0-38,quiksilver
EQYBS03766-kvj0-40,quiksilver
EQYBS03764-byj6-28,quiksilver
EQYBS03764-byj6-29,quiksilver
EQYBS03764-byj6-30,quiksilver
EQYBS03764-byj6-31,quiksilver
EQYBS03764-byj6-32,quiksilver
EQYBS03764-byj6-33,quiksilver
EQYBS03764-byj6-34,quiksilver
EQYBS03764-byj6-36,quiksilver
EQYBS03764-byj6-38,quiksilver
EQYBS03764-byj6-40,quiksilver
EQYBS03764-bmm6-28,quiksilver
EQYBS03764-bmm6-29,quiksilver
EQYBS03764-bmm6-30,quiksilver
EQYBS03764-bmm6-31,quiksilver
EQYBS03764-bmm6-32,quiksilver
EQYBS03764-bmm6-33,quiksilver
EQYBS03764-bmm6-34,quiksilver
EQYBS03764-bmm6-36,quiksilver
EQYBS03764-bmm6-38,quiksilver
EQYBS03764-bmm6-40,quiksilver
EQYBS03764-gsq6-28,quiksilver
EQYBS03764-gsq6-29,quiksilver
EQYBS03764-gsq6-30,quiksilver
EQYBS03764-gsq6-31,quiksilver
EQYBS03764-gsq6-32,quiksilver
EQYBS03764-gsq6-33,quiksilver
EQYBS03764-gsq6-34,quiksilver
EQYBS03764-gsq6-36,quiksilver
EQYBS03764-gsq6-38,quiksilver
EQYBS03764-gsq6-40,quiksilver
EQYBS03764-bla6-28,quiksilver
EQYBS03764-bla6-29,quiksilver
EQYBS03764-bla6-30,quiksilver
EQYBS03764-bla6-31,quiksilver
EQYBS03764-bla6-32,quiksilver
EQYBS03764-bla6-33,quiksilver
EQYBS03764-bla6-34,quiksilver
EQYBS03764-bla6-36,quiksilver
EQYBS03764-bla6-38,quiksilver
EQYBS03764-bla6-40,quiksilver
EQYBS03764-kvj6-28,quiksilver
EQYBS03764-kvj6-29,quiksilver
EQYBS03764-kvj6-30,quiksilver
EQYBS03764-kvj6-31,quiksilver
EQYBS03764-kvj6-32,quiksilver
EQYBS03764-kvj6-33,quiksilver
EQYBS03764-kvj6-34,quiksilver
EQYBS03764-kvj6-36,quiksilver
EQYBS03764-kvj6-38,quiksilver
EQYBS03764-kvj6-40,quiksilver
EQYBS03592-kvj0-28,quiksilver
EQYBS03592-kvj0-29,quiksilver
EQYBS03592-kvj0-30,quiksilver
EQYBS03592-kvj0-31,quiksilver
EQYBS03592-kvj0-32,quiksilver
EQYBS03592-kvj0-33,quiksilver
EQYBS03592-kvj0-34,quiksilver
EQYBS03592-kvj0-36,quiksilver
EQYBS03592-kvj0-38,quiksilver
EQYBS03592-kvj0-40,quiksilver
EQYBS03592-rqr0-28,quiksilver
EQYBS03592-rqr0-29,quiksilver
EQYBS03592-rqr0-30,quiksilver
EQYBS03592-rqr0-31,quiksilver
EQYBS03592-rqr0-32,quiksilver
EQYBS03592-rqr0-33,quiksilver
EQYBS03592-rqr0-34,quiksilver
EQYBS03592-rqr0-36,quiksilver
EQYBS03592-rqr0-38,quiksilver
EQYBS03592-rqr0-40,quiksilver
EQYBS03592-bms0-28,quiksilver
EQYBS03592-bms0-29,quiksilver
EQYBS03592-bms0-30,quiksilver
EQYBS03592-bms0-31,quiksilver
EQYBS03592-bms0-32,quiksilver
EQYBS03592-bms0-33,quiksilver
EQYBS03592-bms0-34,quiksilver
EQYBS03592-bms0-36,quiksilver
EQYBS03592-bms0-38,quiksilver
EQYBS03592-bms0-40,quiksilver
EQYBS03592-byj0-28,quiksilver
EQYBS03592-byj0-29,quiksilver
EQYBS03592-byj0-30,quiksilver
EQYBS03592-byj0-31,quiksilver
EQYBS03592-byj0-32,quiksilver
EQYBS03592-byj0-33,quiksilver
EQYBS03592-byj0-34,quiksilver
EQYBS03592-byj0-36,quiksilver
EQYBS03592-byj0-38,quiksilver
EQYBS03592-byj0-40,quiksilver
EQYBS03740-kta6-28,quiksilver
EQYBS03740-kta6-29,quiksilver
EQYBS03740-kta6-30,quiksilver
EQYBS03740-kta6-31,quiksilver
EQYBS03740-kta6-32,quiksilver
EQYBS03740-kta6-33,quiksilver
EQYBS03740-kta6-34,quiksilver
EQYBS03740-kta6-36,quiksilver
EQYBS03740-kta6-38,quiksilver
EQYBS03740-kta6-40,quiksilver
EQYBS03740-kvj6-28,quiksilver
EQYBS03740-kvj6-29,quiksilver
EQYBS03740-kvj6-30,quiksilver
EQYBS03740-kvj6-31,quiksilver
EQYBS03740-kvj6-32,quiksilver
EQYBS03740-kvj6-33,quiksilver
EQYBS03740-kvj6-34,quiksilver
EQYBS03740-kvj6-36,quiksilver
EQYBS03740-kvj6-38,quiksilver
EQYBS03740-kvj6-40,quiksilver
EQYBS03756-bsw6-28,quiksilver
EQYBS03756-bsw6-29,quiksilver
EQYBS03756-bsw6-30,quiksilver
EQYBS03756-bsw6-31,quiksilver
EQYBS03756-bsw6-32,quiksilver
EQYBS03756-bsw6-33,quiksilver
EQYBS03756-bsw6-34,quiksilver
EQYBS03756-bsw6-36,quiksilver
EQYBS03756-bsw6-38,quiksilver
EQYBS03756-bsw6-40,quiksilver
EQYBS03756-bhf6-28,quiksilver
EQYBS03756-bhf6-29,quiksilver
EQYBS03756-bhf6-30,quiksilver
EQYBS03756-bhf6-31,quiksilver
EQYBS03756-bhf6-32,quiksilver
EQYBS03756-bhf6-33,quiksilver
EQYBS03756-bhf6-34,quiksilver
EQYBS03756-bhf6-36,quiksilver
EQYBS03756-bhf6-38,quiksilver
EQYBS03756-bhf6-40,quiksilver
EQYBS03756-rsr6-28,quiksilver
EQYBS03756-rsr6-29,quiksilver
EQYBS03756-rsr6-30,quiksilver
EQYBS03756-rsr6-31,quiksilver
EQYBS03756-rsr6-32,quiksilver
EQYBS03756-rsr6-33,quiksilver
EQYBS03756-rsr6-34,quiksilver
EQYBS03756-rsr6-36,quiksilver
EQYBS03756-rsr6-38,quiksilver
EQYBS03756-rsr6-40,quiksilver
EQYBS03779-bsw6-28,quiksilver
EQYBS03779-bsw6-29,quiksilver
EQYBS03779-bsw6-30,quiksilver
EQYBS03779-bsw6-31,quiksilver
EQYBS03779-bsw6-32,quiksilver
EQYBS03779-bsw6-33,quiksilver
EQYBS03779-bsw6-34,quiksilver
EQYBS03779-bsw6-36,quiksilver
EQYBS03779-bsw6-38,quiksilver
EQYBS03779-bsw6-40,quiksilver
EQYBS03779-kze6-28,quiksilver
EQYBS03779-kze6-29,quiksilver
EQYBS03779-kze6-30,quiksilver
EQYBS03779-kze6-31,quiksilver
EQYBS03779-kze6-32,quiksilver
EQYBS03779-kze6-33,quiksilver
EQYBS03779-kze6-34,quiksilver
EQYBS03779-kze6-36,quiksilver
EQYBS03779-kze6-38,quiksilver
EQYBS03779-kze6-40,quiksilver
EQYBS03838-brq6-28,quiksilver
EQYBS03838-brq6-29,quiksilver
EQYBS03838-brq6-30,quiksilver
EQYBS03838-brq6-31,quiksilver
EQYBS03838-brq6-32,quiksilver
EQYBS03838-brq6-33,quiksilver
EQYBS03838-brq6-34,quiksilver
EQYBS03838-brq6-36,quiksilver
EQYBS03838-brq6-38,quiksilver
EQYBS03838-brq6-40,quiksilver
EQYBS03838-szp6-28,quiksilver
EQYBS03838-szp6-29,quiksilver
EQYBS03838-szp6-30,quiksilver
EQYBS03838-szp6-31,quiksilver
EQYBS03838-szp6-32,quiksilver
EQYBS03838-szp6-33,quiksilver
EQYBS03838-szp6-34,quiksilver
EQYBS03838-szp6-36,quiksilver
EQYBS03838-szp6-38,quiksilver
EQYBS03838-szp6-40,quiksilver
EQYBS03838-gnr6-28,quiksilver
EQYBS03838-gnr6-29,quiksilver
EQYBS03838-gnr6-30,quiksilver
EQYBS03838-gnr6-31,quiksilver
EQYBS03838-gnr6-32,quiksilver
EQYBS03838-gnr6-33,quiksilver
EQYBS03838-gnr6-34,quiksilver
EQYBS03838-gnr6-36,quiksilver
EQYBS03838-gnr6-38,quiksilver
EQYBS03838-gnr6-40,quiksilver
EQYBS03774-kvj6-28,quiksilver
EQYBS03774-kvj6-29,quiksilver
EQYBS03774-kvj6-30,quiksilver
EQYBS03774-kvj6-31,quiksilver
EQYBS03774-kvj6-32,quiksilver
EQYBS03774-kvj6-33,quiksilver
EQYBS03774-kvj6-34,quiksilver
EQYBS03774-kvj6-36,quiksilver
EQYBS03774-kvj6-38,quiksilver
EQYBS03774-kvj6-40,quiksilver
EQYBS03774-kta6-28,quiksilver
EQYBS03774-kta6-29,quiksilver
EQYBS03774-kta6-30,quiksilver
EQYBS03774-kta6-31,quiksilver
EQYBS03774-kta6-32,quiksilver
EQYBS03774-kta6-33,quiksilver
EQYBS03774-kta6-34,quiksilver
EQYBS03774-kta6-36,quiksilver
EQYBS03774-kta6-38,quiksilver
EQYBS03774-kta6-40,quiksilver
EQYBS03774-kze6-28,quiksilver
EQYBS03774-kze6-29,quiksilver
EQYBS03774-kze6-30,quiksilver
EQYBS03774-kze6-31,quiksilver
EQYBS03774-kze6-32,quiksilver
EQYBS03774-kze6-33,quiksilver
EQYBS03774-kze6-34,quiksilver
EQYBS03774-kze6-36,quiksilver
EQYBS03774-kze6-38,quiksilver
EQYBS03774-kze6-40,quiksilver
EQYBS03768-kvj6-28,quiksilver
EQYBS03768-kvj6-29,quiksilver
EQYBS03768-kvj6-30,quiksilver
EQYBS03768-kvj6-31,quiksilver
EQYBS03768-kvj6-32,quiksilver
EQYBS03768-kvj6-33,quiksilver
EQYBS03768-kvj6-34,quiksilver
EQYBS03768-kvj6-36,quiksilver
EQYBS03768-kvj6-38,quiksilver
EQYBS03768-kvj6-40,quiksilver
EQYBS03783-bhf6-28,quiksilver
EQYBS03783-bhf6-29,quiksilver
EQYBS03783-bhf6-30,quiksilver
EQYBS03783-bhf6-31,quiksilver
EQYBS03783-bhf6-32,quiksilver
EQYBS03783-bhf6-33,quiksilver
EQYBS03783-bhf6-34,quiksilver
EQYBS03783-bhf6-36,quiksilver
EQYBS03783-bhf6-38,quiksilver
EQYBS03783-bhf6-40,quiksilver
EQYBS03783-kvj6-28,quiksilver
EQYBS03783-kvj6-29,quiksilver
EQYBS03783-kvj6-30,quiksilver
EQYBS03783-kvj6-31,quiksilver
EQYBS03783-kvj6-32,quiksilver
EQYBS03783-kvj6-33,quiksilver
EQYBS03783-kvj6-34,quiksilver
EQYBS03783-kvj6-36,quiksilver
EQYBS03783-kvj6-38,quiksilver
EQYBS03783-kvj6-40,quiksilver
EQYJV03183-gnr0-28,quiksilver
EQYJV03183-gnr0-29,quiksilver
EQYJV03183-gnr0-30,quiksilver
EQYJV03183-gnr0-31,quiksilver
EQYJV03183-gnr0-32,quiksilver
EQYJV03183-gnr0-33,quiksilver
EQYJV03183-gnr0-34,quiksilver
EQYJV03183-gnr0-36,quiksilver
EQYJV03183-gnr0-38,quiksilver
EQYJV03183-gnr0-40,quiksilver
EQYJV03183-kvj0-28,quiksilver
EQYJV03183-kvj0-29,quiksilver
EQYJV03183-kvj0-30,quiksilver
EQYJV03183-kvj0-31,quiksilver
EQYJV03183-kvj0-32,quiksilver
EQYJV03183-kvj0-33,quiksilver
EQYJV03183-kvj0-34,quiksilver
EQYJV03183-kvj0-36,quiksilver
EQYJV03183-kvj0-38,quiksilver
EQYJV03183-kvj0-40,quiksilver
EQYJV03183-byj0-28,quiksilver
EQYJV03183-byj0-29,quiksilver
EQYJV03183-byj0-30,quiksilver
EQYJV03183-byj0-31,quiksilver
EQYJV03183-byj0-32,quiksilver
EQYJV03183-byj0-33,quiksilver
EQYJV03183-byj0-34,quiksilver
EQYJV03183-byj0-36,quiksilver
EQYJV03183-byj0-38,quiksilver
EQYJV03183-byj0-40,quiksilver
EQMBS03006-gqm0-28,quiksilver
EQMBS03006-gqm0-29,quiksilver
EQMBS03006-gqm0-30,quiksilver
EQMBS03006-gqm0-31,quiksilver
EQMBS03006-gqm0-32,quiksilver
EQMBS03006-gqm0-33,quiksilver
EQMBS03006-gqm0-34,quiksilver
EQMBS03006-gqm0-36,quiksilver
EQMBS03006-gqm0-38,quiksilver
EQMBS03006-gqm0-40,quiksilver
EQMBS03006-blk-28,quiksilver
EQMBS03006-blk-29,quiksilver
EQMBS03006-blk-30,quiksilver
EQMBS03006-blk-31,quiksilver
EQMBS03006-blk-32,quiksilver
EQMBS03006-blk-33,quiksilver
EQMBS03006-blk-34,quiksilver
EQMBS03006-blk-36,quiksilver
EQMBS03006-blk-38,quiksilver
EQMBS03006-blk-40,quiksilver
EQYBS03811-csn6-28,quiksilver
EQYBS03811-csn6-29,quiksilver
EQYBS03811-csn6-30,quiksilver
EQYBS03811-csn6-31,quiksilver
EQYBS03811-csn6-32,quiksilver
EQYBS03811-csn6-33,quiksilver
EQYBS03811-csn6-34,quiksilver
EQYBS03811-csn6-36,quiksilver
EQYBS03811-csn6-38,quiksilver
EQYBS03811-csn6-40,quiksilver
EQYBS03761-kvj0-28,quiksilver
EQYBS03761-kvj0-29,quiksilver
EQYBS03761-kvj0-30,quiksilver
EQYBS03761-kvj0-31,quiksilver
EQYBS03761-kvj0-32,quiksilver
EQYBS03761-kvj0-33,quiksilver
EQYBS03761-kvj0-34,quiksilver
EQYBS03761-kvj0-36,quiksilver
EQYBS03761-kvj0-38,quiksilver
EQYBS03761-kvj0-40,quiksilver
EQYBS03777-kta6-28,quiksilver
EQYBS03777-kta6-29,quiksilver
EQYBS03777-kta6-30,quiksilver
EQYBS03777-kta6-31,quiksilver
EQYBS03777-kta6-32,quiksilver
EQYBS03777-kta6-33,quiksilver
EQYBS03777-kta6-34,quiksilver
EQYBS03777-kta6-36,quiksilver
EQYBS03777-kta6-38,quiksilver
EQYBS03777-kta6-40,quiksilver
EQYBS03835-kze6-28,quiksilver
EQYBS03835-kze6-29,quiksilver
EQYBS03835-kze6-30,quiksilver
EQYBS03835-kze6-31,quiksilver
EQYBS03835-kze6-32,quiksilver
EQYBS03835-kze6-33,quiksilver
EQYBS03835-kze6-34,quiksilver
EQYBS03835-kze6-36,quiksilver
EQYBS03835-kze6-38,quiksilver
EQYBS03835-kze6-40,quiksilver
EQYBS03835-cph6-28,quiksilver
EQYBS03835-cph6-29,quiksilver
EQYBS03835-cph6-30,quiksilver
EQYBS03835-cph6-31,quiksilver
EQYBS03835-cph6-32,quiksilver
EQYBS03835-cph6-33,quiksilver
EQYBS03835-cph6-34,quiksilver
EQYBS03835-cph6-36,quiksilver
EQYBS03835-cph6-38,quiksilver
EQYBS03835-cph6-40,quiksilver
EQMJV03006-blm0-28,quiksilver
EQMJV03006-blm0-29,quiksilver
EQMJV03006-blm0-30,quiksilver
EQMJV03006-blm0-31,quiksilver
EQMJV03006-blm0-32,quiksilver
EQMJV03006-blm0-33,quiksilver
EQMJV03006-blm0-34,quiksilver
EQMJV03006-blm0-36,quiksilver
EQMJV03006-blm0-38,quiksilver
EQMJV03006-blm0-40,quiksilver
EQMJV03006-kvj0-28,quiksilver
EQMJV03006-kvj0-29,quiksilver
EQMJV03006-kvj0-30,quiksilver
EQMJV03006-kvj0-31,quiksilver
EQMJV03006-kvj0-32,quiksilver
EQMJV03006-kvj0-33,quiksilver
EQMJV03006-kvj0-34,quiksilver
EQMJV03006-kvj0-36,quiksilver
EQMJV03006-kvj0-38,quiksilver
EQMJV03006-kvj0-40,quiksilver
EQMJV03006-gqm0-28,quiksilver
EQMJV03006-gqm0-29,quiksilver
EQMJV03006-gqm0-30,quiksilver
EQMJV03006-gqm0-31,quiksilver
EQMJV03006-gqm0-32,quiksilver
EQMJV03006-gqm0-33,quiksilver
EQMJV03006-gqm0-34,quiksilver
EQMJV03006-gqm0-36,quiksilver
EQMJV03006-gqm0-38,quiksilver
EQMJV03006-gqm0-40,quiksilver
EQMJV03006-blk-28,quiksilver
EQMJV03006-blk-29,quiksilver
EQMJV03006-blk-30,quiksilver
EQMJV03006-blk-31,quiksilver
EQMJV03006-blk-32,quiksilver
EQMJV03006-blk-33,quiksilver
EQMJV03006-blk-34,quiksilver
EQMJV03006-blk-36,quiksilver
EQMJV03006-blk-38,quiksilver
EQMJV03006-blk-40,quiksilver
EQMJV03006-bnm0-28,quiksilver
EQMJV03006-bnm0-29,quiksilver
EQMJV03006-bnm0-30,quiksilver
EQMJV03006-bnm0-31,quiksilver
EQMJV03006-bnm0-32,quiksilver
EQMJV03006-bnm0-33,quiksilver
EQMJV03006-bnm0-34,quiksilver
EQMJV03006-bnm0-36,quiksilver
EQMJV03006-bnm0-38,quiksilver
EQMJV03006-bnm0-40,quiksilver
EQMJV03006-krd0-28,quiksilver
EQMJV03006-krd0-29,quiksilver
EQMJV03006-krd0-30,quiksilver
EQMJV03006-krd0-31,quiksilver
EQMJV03006-krd0-32,quiksilver
EQMJV03006-krd0-33,quiksilver
EQMJV03006-krd0-34,quiksilver
EQMJV03006-krd0-36,quiksilver
EQMJV03006-krd0-38,quiksilver
EQMJV03006-krd0-40,quiksilver
EQMJV03006-rqs0-28,quiksilver
EQMJV03006-rqs0-29,quiksilver
EQMJV03006-rqs0-30,quiksilver
EQMJV03006-rqs0-31,quiksilver
EQMJV03006-rqs0-32,quiksilver
EQMJV03006-rqs0-33,quiksilver
EQMJV03006-rqs0-34,quiksilver
EQMJV03006-rqs0-36,quiksilver
EQMJV03006-rqs0-38,quiksilver
EQMJV03006-rqs0-40,quiksilver
EQYBS03785-brc6-28,quiksilver
EQYBS03785-brc6-29,quiksilver
EQYBS03785-brc6-30,quiksilver
EQYBS03785-brc6-31,quiksilver
EQYBS03785-brc6-32,quiksilver
EQYBS03785-brc6-33,quiksilver
EQYBS03785-brc6-34,quiksilver
EQYBS03785-brc6-36,quiksilver
EQYBS03785-brc6-38,quiksilver
EQYBS03785-brc6-40,quiksilver
EQYBS03487-rqr0-28,quiksilver
EQYBS03487-rqr0-29,quiksilver
EQYBS03487-rqr0-30,quiksilver
EQYBS03487-rqr0-31,quiksilver
EQYBS03487-rqr0-32,quiksilver
EQYBS03487-rqr0-33,quiksilver
EQYBS03487-rqr0-34,quiksilver
EQYBS03487-rqr0-36,quiksilver
EQYBS03487-rqr0-38,quiksilver
EQYBS03487-rqr0-40,quiksilver
EQYBS03487-byj0-28,quiksilver
EQYBS03487-byj0-29,quiksilver
EQYBS03487-byj0-30,quiksilver
EQYBS03487-byj0-31,quiksilver
EQYBS03487-byj0-32,quiksilver
EQYBS03487-byj0-33,quiksilver
EQYBS03487-byj0-34,quiksilver
EQYBS03487-byj0-36,quiksilver
EQYBS03487-byj0-38,quiksilver
EQYBS03487-byj0-40,quiksilver
EQYBS03487-kvj0-28,quiksilver
EQYBS03487-kvj0-29,quiksilver
EQYBS03487-kvj0-30,quiksilver
EQYBS03487-kvj0-31,quiksilver
EQYBS03487-kvj0-32,quiksilver
EQYBS03487-kvj0-33,quiksilver
EQYBS03487-kvj0-34,quiksilver
EQYBS03487-kvj0-36,quiksilver
EQYBS03487-kvj0-38,quiksilver
EQYBS03487-kvj0-40,quiksilver
EQYBS03575-bpb6-28,quiksilver
EQYBS03575-bpb6-29,quiksilver
EQYBS03575-bpb6-30,quiksilver
EQYBS03575-bpb6-31,quiksilver
EQYBS03575-bpb6-32,quiksilver
EQYBS03575-bpb6-33,quiksilver
EQYBS03575-bpb6-34,quiksilver
EQYBS03575-bpb6-36,quiksilver
EQYBS03575-bpb6-38,quiksilver
EQYBS03575-bpb6-40,quiksilver
EQYBS03575-bek6-28,quiksilver
EQYBS03575-bek6-29,quiksilver
EQYBS03575-bek6-30,quiksilver
EQYBS03575-bek6-31,quiksilver
EQYBS03575-bek6-32,quiksilver
EQYBS03575-bek6-33,quiksilver
EQYBS03575-bek6-34,quiksilver
EQYBS03575-bek6-36,quiksilver
EQYBS03575-bek6-38,quiksilver
EQYBS03575-bek6-40,quiksilver
EQYBS03575-nnj6-28,quiksilver
EQYBS03575-nnj6-29,quiksilver
EQYBS03575-nnj6-30,quiksilver
EQYBS03575-nnj6-31,quiksilver
EQYBS03575-nnj6-32,quiksilver
EQYBS03575-nnj6-33,quiksilver
EQYBS03575-nnj6-34,quiksilver
EQYBS03575-nnj6-36,quiksilver
EQYBS03575-nnj6-38,quiksilver
EQYBS03575-nnj6-40,quiksilver
EQYBS03575-bqs6-28,quiksilver
EQYBS03575-bqs6-29,quiksilver
EQYBS03575-bqs6-30,quiksilver
EQYBS03575-bqs6-31,quiksilver
EQYBS03575-bqs6-32,quiksilver
EQYBS03575-bqs6-33,quiksilver
EQYBS03575-bqs6-34,quiksilver
EQYBS03575-bqs6-36,quiksilver
EQYBS03575-bqs6-38,quiksilver
EQYBS03575-bqs6-40,quiksilver
EQYBS03575-kvj6-28,quiksilver
EQYBS03575-kvj6-29,quiksilver
EQYBS03575-kvj6-30,quiksilver
EQYBS03575-kvj6-31,quiksilver
EQYBS03575-kvj6-32,quiksilver
EQYBS03575-kvj6-33,quiksilver
EQYBS03575-kvj6-34,quiksilver
EQYBS03575-kvj6-36,quiksilver
EQYBS03575-kvj6-38,quiksilver
EQYBS03575-kvj6-40,quiksilver
EQYBS03575-brq6-28,quiksilver
EQYBS03575-brq6-29,quiksilver
EQYBS03575-brq6-30,quiksilver
EQYBS03575-brq6-31,quiksilver
EQYBS03575-brq6-32,quiksilver
EQYBS03575-brq6-33,quiksilver
EQYBS03575-brq6-34,quiksilver
EQYBS03575-brq6-36,quiksilver
EQYBS03575-brq6-38,quiksilver
EQYBS03575-brq6-40,quiksilver
EQYBS03575-bhf6-28,quiksilver
EQYBS03575-bhf6-29,quiksilver
EQYBS03575-bhf6-30,quiksilver
EQYBS03575-bhf6-31,quiksilver
EQYBS03575-bhf6-32,quiksilver
EQYBS03575-bhf6-33,quiksilver
EQYBS03575-bhf6-34,quiksilver
EQYBS03575-bhf6-36,quiksilver
EQYBS03575-bhf6-38,quiksilver
EQYBS03575-bhf6-40,quiksilver
EQYBS03575-kta6-28,quiksilver
EQYBS03575-kta6-29,quiksilver
EQYBS03575-kta6-30,quiksilver
EQYBS03575-kta6-31,quiksilver
EQYBS03575-kta6-32,quiksilver
EQYBS03575-kta6-33,quiksilver
EQYBS03575-kta6-34,quiksilver
EQYBS03575-kta6-36,quiksilver
EQYBS03575-kta6-38,quiksilver
EQYBS03575-kta6-40,quiksilver
EQYBS03575-yjd6-28,quiksilver
EQYBS03575-yjd6-29,quiksilver
EQYBS03575-yjd6-30,quiksilver
EQYBS03575-yjd6-31,quiksilver
EQYBS03575-yjd6-32,quiksilver
EQYBS03575-yjd6-33,quiksilver
EQYBS03575-yjd6-34,quiksilver
EQYBS03575-yjd6-36,quiksilver
EQYBS03575-yjd6-38,quiksilver
EQYBS03575-yjd6-40,quiksilver
EQYBS03575-rrd6-28,quiksilver
EQYBS03575-rrd6-29,quiksilver
EQYBS03575-rrd6-30,quiksilver
EQYBS03575-rrd6-31,quiksilver
EQYBS03575-rrd6-32,quiksilver
EQYBS03575-rrd6-33,quiksilver
EQYBS03575-rrd6-34,quiksilver
EQYBS03575-rrd6-36,quiksilver
EQYBS03575-rrd6-38,quiksilver
EQYBS03575-rrd6-40,quiksilver
EQYBS03575-bnf6-28,quiksilver
EQYBS03575-bnf6-29,quiksilver
EQYBS03575-bnf6-30,quiksilver
EQYBS03575-bnf6-31,quiksilver
EQYBS03575-bnf6-32,quiksilver
EQYBS03575-bnf6-33,quiksilver
EQYBS03575-bnf6-34,quiksilver
EQYBS03575-bnf6-36,quiksilver
EQYBS03575-bnf6-38,quiksilver
EQYBS03575-bnf6-40,quiksilver
EQYBS03575-szr6-28,quiksilver
EQYBS03575-szr6-29,quiksilver
EQYBS03575-szr6-30,quiksilver
EQYBS03575-szr6-31,quiksilver
EQYBS03575-szr6-32,quiksilver
EQYBS03575-szr6-33,quiksilver
EQYBS03575-szr6-34,quiksilver
EQYBS03575-szr6-36,quiksilver
EQYBS03575-szr6-38,quiksilver
EQYBS03575-szr6-40,quiksilver
EQYBS03575-mkm6-28,quiksilver
EQYBS03575-mkm6-29,quiksilver
EQYBS03575-mkm6-30,quiksilver
EQYBS03575-mkm6-31,quiksilver
EQYBS03575-mkm6-32,quiksilver
EQYBS03575-mkm6-33,quiksilver
EQYBS03575-mkm6-34,quiksilver
EQYBS03575-mkm6-36,quiksilver
EQYBS03575-mkm6-38,quiksilver
EQYBS03575-mkm6-40,quiksilver
EQYBS03595-kvj6-28,quiksilver
EQYBS03595-kvj6-29,quiksilver
EQYBS03595-kvj6-30,quiksilver
EQYBS03595-kvj6-31,quiksilver
EQYBS03595-kvj6-32,quiksilver
EQYBS03595-kvj6-33,quiksilver
EQYBS03595-kvj6-34,quiksilver
EQYBS03595-kvj6-36,quiksilver
EQYBS03595-kvj6-38,quiksilver
EQYBS03595-kvj6-40,quiksilver
EQYBS03595-bsw6-28,quiksilver
EQYBS03595-bsw6-29,quiksilver
EQYBS03595-bsw6-30,quiksilver
EQYBS03595-bsw6-31,quiksilver
EQYBS03595-bsw6-32,quiksilver
EQYBS03595-bsw6-33,quiksilver
EQYBS03595-bsw6-34,quiksilver
EQYBS03595-bsw6-36,quiksilver
EQYBS03595-bsw6-38,quiksilver
EQYBS03595-bsw6-40,quiksilver
EQYBS03595-bsg6-28,quiksilver
EQYBS03595-bsg6-29,quiksilver
EQYBS03595-bsg6-30,quiksilver
EQYBS03595-bsg6-31,quiksilver
EQYBS03595-bsg6-32,quiksilver
EQYBS03595-bsg6-33,quiksilver
EQYBS03595-bsg6-34,quiksilver
EQYBS03595-bsg6-36,quiksilver
EQYBS03595-bsg6-38,quiksilver
EQYBS03595-bsg6-40,quiksilver
EQMBS03009-sla0-28,quiksilver
EQMBS03009-sla0-29,quiksilver
EQMBS03009-sla0-30,quiksilver
EQMBS03009-sla0-31,quiksilver
EQMBS03009-sla0-32,quiksilver
EQMBS03009-sla0-33,quiksilver
EQMBS03009-sla0-34,quiksilver
EQMBS03009-sla0-36,quiksilver
EQMBS03009-sla0-38,quiksilver
EQMBS03009-sla0-40,quiksilver
101692,"bic_sport_north_america_inc"
101693,"bic_sport_north_america_inc"
101694,"bic_sport_north_america_inc"
101695,"bic_sport_north_america_inc"
101696,"bic_sport_north_america_inc"
101697,"bic_sport_north_america_inc"
101698,"bic_sport_north_america_inc"
100909,"bic_sport_north_america_inc"
101699,"bic_sport_north_america_inc"
101700,"bic_sport_north_america_inc"
101701,"bic_sport_north_america_inc"
101764,"bic_sport_north_america_inc"
101435,"bic_sport_north_america_inc"
101074,"bic_sport_north_america_inc"
101075,"bic_sport_north_america_inc"
101076,"bic_sport_north_america_inc"
101077,"bic_sport_north_america_inc"
101078,"bic_sport_north_america_inc"
101793,"bic_sport_north_america_inc"
101079,"bic_sport_north_america_inc"
